Model,Emotion,Hamming Loss,F1 Score,Precision,Recall,F1 Micro,F1 Macro,Precision Micro,Recall Micro
Sequential NN with Glove,joy,0.35458515283842795,0.08968609865470852,0.07042253521126761,0.12345679012345678,0.645414847161572,0.43475628143147577,0.645414847161572,0.645414847161572
Sequential NN with Glove,fear,0.2331877729257642,0.09491525423728814,0.10687022900763359,0.08536585365853659,0.7668122270742358,0.4805403338855614,0.7668122270742358,0.7668122270742358
Sequential NN with Glove,shame,0.21921397379912663,0.052830188679245285,0.06930693069306931,0.042682926829268296,0.7807860262008733,0.4644397856976473,0.7807860262008733,0.7807860262008733
Sequential NN with Glove,disgust,0.2410480349344978,0.02127659574468085,0.027522935779816515,0.017341040462427744,0.7589519650655022,0.4419131982707468,0.7589519650655022,0.7589519650655022
Sequential NN with Glove,guilt,0.25676855895196504,0.02,0.020689655172413793,0.01935483870967742,0.743231441048035,0.43613065326633166,0.743231441048035,0.743231441048035
Sequential NN with Glove,anger,0.23580786026200873,0.06896551724137931,0.08771929824561403,0.056818181818181816,0.7641921397379913,0.46698275862068966,0.7641921397379913,0.7641921397379913
Sequential NN with Glove,sadness,0.33362445414847164,0.07281553398058252,0.05747126436781609,0.09933774834437085,0.6663755458515284,0.4347038266282039,0.6663755458515284,0.6663755458515284
